"","pub.site","site","ppq","hum_dist","sqrt.hdist.cont","island.side","region.3","timepoint","time.interval","volume.change"
"1","VH1","27","1","Very High",85.2994724485445,"Leeward","Leeward","2015-2017","'15-'17",-0.583
"2","VH1","27","2","Very High",85.2994724485445,"Leeward","Leeward","2015-2017","'15-'17",-1.018
"3","VH1","27","3","Very High",85.2994724485445,"Leeward","Leeward","2015-2017","'15-'17",-0.107
"4","VH2","32","1","Very High",69.7190483297069,"Leeward","Leeward","2015-2017","'15-'17",-1.365
"5","VH2","32","2","Very High",69.7190483297069,"Leeward","Leeward","2015-2017","'15-'17",-0.273
"6","VH2","32","3","Very High",69.7190483297069,"Leeward","Leeward","2015-2017","'15-'17",-0.099
"7","VH3","30","1","Very High",71.3139872675761,"Leeward","Leeward","2015-2017","'15-'17",-1.096
"8","VH3","30","2","Very High",71.3139872675761,"Leeward","Leeward","2015-2017","'15-'17",0.101
"9","VH3","30","3","Very High",71.3139872675761,"Leeward","Leeward","2015-2017","'15-'17",0.419
"10","M1","8","1","Medium",34.8256829078771,"Leeward","Leeward","2015-2017","'15-'17",-0.068
"11","M1","8","2","Medium",34.8256829078771,"Leeward","Leeward","2015-2017","'15-'17",-0.013
"12","M1","8","3","Medium",34.8256829078771,"Leeward","Leeward","2015-2017","'15-'17",0.002
"13","M2","35","1","Medium",34.8256829078771,"Leeward","Leeward","2015-2017","'15-'17",-0.005
"14","M2","35","2","Medium",34.8256829078771,"Leeward","Leeward","2015-2017","'15-'17",-0.126
"15","M2","35","3","Medium",34.8256829078771,"Leeward","Leeward","2015-2017","'15-'17",0.288
"16","M3","34","1","Medium",34.8256829078771,"Leeward","Leeward","2015-2017","'15-'17",0.18
"17","M3","34","2","Medium",34.8256829078771,"Leeward","Leeward","2015-2017","'15-'17",-0.016
"18","M3","34","3","Medium",34.8256829078771,"Leeward","Leeward","2015-2017","'15-'17",-0.043
"19","VL1","15","1","Very Low",0,"Windward","Windward","2015-2017","'15-'17",-0.688
"20","VL1","15","2","Very Low",0,"Windward","Windward","2015-2017","'15-'17",-1.348
"21","VL1","15","3","Very Low",0,"Windward","Windward","2015-2017","'15-'17",-0.646
"22","VL2","19","1","Very Low",0,"Windward","Windward","2015-2017","'15-'17",-0.063
"23","VL2","19","2","Very Low",0,"Windward","Windward","2015-2017","'15-'17",-0.626
"24","VL3","5","1","Very Low",0,"Leeward","South Shore","2015-2017","'15-'17",-0.311
"25","VL3","5","2","Very Low",0,"Leeward","South Shore","2015-2017","'15-'17",-0.207
"26","VL3","5","3","Very Low",0,"Leeward","South Shore","2015-2017","'15-'17",-0.428
"27","VH1","27","1","Very High",85.2994724485445,"Leeward","Leeward","2017-2019","'17-'19",0.138
"28","VH1","27","2","Very High",85.2994724485445,"Leeward","Leeward","2017-2019","'17-'19",0.451
"29","VH1","27","3","Very High",85.2994724485445,"Leeward","Leeward","2017-2019","'17-'19",-0.067
"30","VH2","32","1","Very High",69.7190483297069,"Leeward","Leeward","2017-2019","'17-'19",0.641
"31","VH2","32","2","Very High",69.7190483297069,"Leeward","Leeward","2017-2019","'17-'19",-0.122
"32","VH2","32","3","Very High",69.7190483297069,"Leeward","Leeward","2017-2019","'17-'19",-0.225
"33","VH3","30","1","Very High",71.3139872675761,"Leeward","Leeward","2017-2019","'17-'19",-0.883
"34","VH3","30","2","Very High",71.3139872675761,"Leeward","Leeward","2017-2019","'17-'19",0.014
"35","VH3","30","3","Very High",71.3139872675761,"Leeward","Leeward","2017-2019","'17-'19",0.094
"36","M1","8","1","Medium",34.8256829078771,"Leeward","Leeward","2017-2019","'17-'19",0.056
"37","M1","8","2","Medium",34.8256829078771,"Leeward","Leeward","2017-2019","'17-'19",0.009
"38","M1","8","3","Medium",34.8256829078771,"Leeward","Leeward","2017-2019","'17-'19",-0.14
"39","M2","35","1","Medium",34.8256829078771,"Leeward","Leeward","2017-2019","'17-'19",0.115
"40","M2","35","2","Medium",34.8256829078771,"Leeward","Leeward","2017-2019","'17-'19",0.048
"41","M2","35","3","Medium",34.8256829078771,"Leeward","Leeward","2017-2019","'17-'19",-0.355
"42","M3","34","1","Medium",34.8256829078771,"Leeward","Leeward","2017-2019","'17-'19",0.03
"43","M3","34","2","Medium",34.8256829078771,"Leeward","Leeward","2017-2019","'17-'19",-0.049
"44","M3","34","3","Medium",34.8256829078771,"Leeward","Leeward","2017-2019","'17-'19",0.075
"45","VL3","5","1","Very Low",0,"Leeward","South Shore","2017-2019","'17-'19",-0.236
"46","VL3","5","2","Very Low",0,"Leeward","South Shore","2017-2019","'17-'19",-0.046
"47","VL3","5","3","Very Low",0,"Leeward","South Shore","2017-2019","'17-'19",-0.214
"48","VL4","37","1","Very Low",0,"Leeward","South Shore","2017-2019","'17-'19",0.047
"49","VL4","37","2","Very Low",0,"Leeward","South Shore","2017-2019","'17-'19",0.067
"50","VL4","37","3","Very Low",0,"Leeward","South Shore","2017-2019","'17-'19",0.145
"51","VH1","27","1","Very High",85.2994724485445,"Leeward","Leeward","2015-2019","'15-'19",-0.445
"52","VH1","27","2","Very High",85.2994724485445,"Leeward","Leeward","2015-2019","'15-'19",-0.567
"53","VH1","27","3","Very High",85.2994724485445,"Leeward","Leeward","2015-2019","'15-'19",-0.174
"54","VH2","32","1","Very High",69.7190483297069,"Leeward","Leeward","2015-2019","'15-'19",-0.724
"55","VH2","32","2","Very High",69.7190483297069,"Leeward","Leeward","2015-2019","'15-'19",-0.395
"56","VH2","32","3","Very High",69.7190483297069,"Leeward","Leeward","2015-2019","'15-'19",-0.324
"57","VH3","30","1","Very High",71.3139872675761,"Leeward","Leeward","2015-2019","'15-'19",-1.979
"58","VH3","30","2","Very High",71.3139872675761,"Leeward","Leeward","2015-2019","'15-'19",0.115
"59","VH3","30","3","Very High",71.3139872675761,"Leeward","Leeward","2015-2019","'15-'19",0.513
"60","M1","8","1","Medium",34.8256829078771,"Leeward","Leeward","2015-2019","'15-'19",-0.012
"61","M1","8","2","Medium",34.8256829078771,"Leeward","Leeward","2015-2019","'15-'19",-0.004
"62","M1","8","3","Medium",34.8256829078771,"Leeward","Leeward","2015-2019","'15-'19",-0.138
"63","M2","35","1","Medium",34.8256829078771,"Leeward","Leeward","2015-2019","'15-'19",0.11
"64","M2","35","2","Medium",34.8256829078771,"Leeward","Leeward","2015-2019","'15-'19",-0.078
"65","M2","35","3","Medium",34.8256829078771,"Leeward","Leeward","2015-2019","'15-'19",-0.067
"66","M3","34","1","Medium",34.8256829078771,"Leeward","Leeward","2015-2019","'15-'19",0.21
"67","M3","34","2","Medium",34.8256829078771,"Leeward","Leeward","2015-2019","'15-'19",-0.065
"68","M3","34","3","Medium",34.8256829078771,"Leeward","Leeward","2015-2019","'15-'19",0.032
"69","VL3","5","1","Very Low",0,"Leeward","South Shore","2015-2019","'15-'19",-0.547
"70","VL3","5","2","Very Low",0,"Leeward","South Shore","2015-2019","'15-'19",-0.253
"71","VL3","5","3","Very Low",0,"Leeward","South Shore","2015-2019","'15-'19",-0.642
